{"cameraMode":{"drawMode":0,"name":"Shaded","section":"Shading Mode"},"sceneLighting":true,"audioPlay":false,"sceneViewState":{"m_AlwaysRefresh":false,"showFog":true,"showSkybox":true,"showFlares":true,"showImageEffects":true,"showParticleSystems":true,"showVisualEffectGraphs":true,"m_FxEnabled":true},"in2DMode":false,"pivot":{"x":-6.157108306884766,"y":1.7710214853286744,"z":14.469625473022461},"rotation":{"x":-0.07325741648674011,"y":-0.11433897912502289,"z":0.008455906994640828,"w":-0.9907073378562927},"size":9.869006156921387,"orthographic":false}